{"cameraMode":{"drawMode":0,"name":"Shaded","section":"Shading Mode"},"sceneLighting":false,"audioPlay":false,"sceneViewState":{"showFog":false,"showMaterialUpdate":false,"showSkybox":false,"showFlares":false,"showImageEffects":false,"showParticleSystems":false},"in2DMode":false,"pivot":{"x":-0.004593010060489178,"y":-13.844708442687989,"z":1259.27685546875},"rotation":{"x":0.046472251415252689,"y":-0.02187255397439003,"z":0.00101778085809201,"w":0.9986816048622131},"size":13.354729652404786,"orthographic":true}